session_id,turn_id,user_input,bot_response,length_of_response,number_of_turns_per_session,sentiment_score,emotion
S001,1,I am very stressed about my exams,It sounds like your exams are causing a lot of stress. Let's take things one step at a time.,92,3,0.2,Stress
S001,2,I cannot sleep properly,Lack of sleep can make stress feel even harder. You could try a simple relaxation technique.,92,3,0.0,Sleep Problems
S001,3,I am scared that I will fail,It is understandable to feel worried about failure. Your result does not define your entire future.,99,3,-0.5,Fear of Failure
S002,1,I feel very lonely today,I'm sorry you're feeling lonely. Talking about what you're experiencing may help.,81,2,-0.13,Loneliness
S002,2,Nobody understands me,Feeling misunderstood can be painful. You deserve to have someone listen to you.,80,2,0.0,Loneliness
S003,1,I am worried about getting a job,Career uncertainty can feel stressful. Breaking your goals into smaller steps may make things more manageable.,110,2,0.0,Career Anxiety
S003,2,I think I will fail,It is understandable to worry about failure. Let's focus on what you can control right now.,91,2,-0.5,Fear of Failure
S004,1,I am having trouble sleeping,Sleep problems can affect how we feel during the day. A regular bedtime routine may help.,89,2,-0.2,Sleep Problems
S004,2,I feel tired all the time,Feeling tired can be difficult. It may help to pay attention to your sleep routine and daily stress.,100,2,-0.4,Sleep Problems
S005,1,My family is putting pressure on me,Family pressure can feel overwhelming. It may help to identify what you can control and communicate your feelings.,114,1,0.0,Stress
