session_id,turn_id,user_input,bot_response,length_of_response,number_of_turns_per_session,sentiment_score,emotion,ai_response
S001,1,I am very stressed about my exams,It sounds like your exams are causing a lot of stress. Let's take things one step at a time.,92,3,0.2,Stress,"It's completely understandable to feel stressed about exams—they can be a big deal. Remember, it’s okay to feel this way, and you’re not alone. Taking a few deep breaths can help calm your mind in the moment. If you’re feeling overwhelmed, try breaking your study sessions into smaller, manageable chunks—it can make the task feel less daunting. You’ve got this!"
S001,2,I cannot sleep properly,Lack of sleep can make stress feel even harder. You could try a simple relaxation technique.,92,3,0.0,Sleep Problems,"I'm sorry to hear you're having trouble sleeping. It can be really tough when rest feels out of reach. Have you tried creating a calming bedtime routine? Sometimes, winding down with a consistent routine—like reading a book, listening to soothing music, or practicing deep breathing—can signal to your body that it’s time to relax. Take it one step at a time, and remember, it’s okay to ask for help if this continues. You’re not alone in this."
S001,3,I am scared that I will fail,It is understandable to feel worried about failure. Your result does not define your entire future.,99,3,-0.5,Fear of Failure,"It's completely normal to feel scared of failing—it shows you care about what you're doing. Remember, everyone faces challenges, and setbacks are often part of growth. Instead of focusing on the fear, try breaking your task into smaller, manageable steps. This can make it feel less overwhelming and help you build confidence as you progress. You’ve got this!"
S002,1,I feel very lonely today,I'm sorry you're feeling lonely. Talking about what you're experiencing may help.,81,2,-0.13,Loneliness,"It's completely valid to feel lonely sometimes, and it's okay to acknowledge that. Remember, it's a feeling many people experience, and it doesn't define you. 

If you're open to it, reaching out to a friend or loved one, even for a quick chat, might help. Sometimes, sharing how you feel can make a difference. Take care, and be kind to yourself today."
S002,2,Nobody understands me,Feeling misunderstood can be painful. You deserve to have someone listen to you.,80,2,0.0,Loneliness,"It can feel really isolating when it seems like nobody understands you. Your feelings are valid, and it’s okay to acknowledge that. Sometimes, it helps to find small ways to connect—maybe reaching out to someone you trust, even if it’s just to share how you’re feeling, or joining a group or activity where you can meet people with similar interests. You’re not alone in feeling this way, and it’s brave to recognize it. Take a moment to be kind to yourself today."
S003,1,I am worried about getting a job,Career uncertainty can feel stressful. Breaking your goals into smaller steps may make things more manageable.,110,2,0.0,Career Anxiety,"It's completely understandable to feel anxious about finding a job—it’s a big step with a lot of uncertainty. Remember, it’s okay to take things one step at a time. A practical suggestion might be to focus on updating your resume or reaching out to one person in your network for advice. You’re not alone in this, and small actions can build momentum. Take a deep breath—you’ve got this."
S003,2,I think I will fail,It is understandable to worry about failure. Let's focus on what you can control right now.,91,2,-0.5,Fear of Failure,"It's completely normal to feel this way sometimes, and it's brave of you to acknowledge these feelings. Remember, everyone faces challenges, and setbacks don’t define your worth or ability.  

A practical suggestion: Try breaking your task or goal into smaller, manageable steps. Focusing on one step at a time can make things feel less overwhelming and help build momentum. You’ve got this!"
S004,1,I am having trouble sleeping,Sleep problems can affect how we feel during the day. A regular bedtime routine may help.,89,2,-0.2,Sleep Problems,"I'm sorry to hear you're having trouble sleeping. It can be really tough when rest feels out of reach. One thing that might help is creating a calming bedtime routine—maybe try reading a book, listening to soothing music, or practicing deep breathing exercises before bed. Remember, it’s okay to take small steps, and you’re not alone in this. Take care of yourself."
S004,2,I feel tired all the time,Feeling tired can be difficult. It may help to pay attention to your sleep routine and daily stress.,100,2,-0.4,Sleep Problems,"It sounds like you're going through a tough time, and feeling tired constantly can really weigh you on. It’s okay to acknowledge that—your feelings are valid.  

One small step you might try is setting a consistent bedtime routine, even if it’s just 15 minutes earlier than usual. Sometimes, a little structure can help your body feel more rested. Take it one day at a time, and be kind to yourself. You’re doing the best you can."
S005,1,My family is putting pressure on me,Family pressure can feel overwhelming. It may help to identify what you can control and communicate your feelings.,114,1,0.0,Stress,"It sounds like you're feeling overwhelmed by the pressure from your family, and that’s completely valid. It’s okay to feel stressed in situations like this. Remember, it’s important to take care of yourself and set boundaries when needed. A practical step could be to take a few minutes to breathe deeply and center yourself before responding to any family pressures. You’ve got this, and it’s okay to prioritize your well-being."
